Season,Title,imdbID,Episode,Released,imdbRating,No.overall,Directed by,Written by,Original air date,Prod.code,U.S.viewers_millions,ViewersNext
1,The One Where Monica Gets a Roommate,tt0583459,1,1994-09-22,8.5,1,James Burrows,David Crane & Marta Kauffman,"September 22, 1994",456650,21.5,20.2
1,The One with the Sonogram at the End,,2,1994-09-29,8.2,2,James Burrows,David Crane & Marta Kauffman,"September 29, 1994",456652,20.2,19.5
1,The One with the Thumb,tt0583653,3,1994-10-06,8.3,3,James Burrows,Jeffrey Astrof & Mike Sikowitz,"October 6, 1994",456651,19.5,19.7
1,The One with George Stephanopoulos,tt0583521,4,1994-10-13,8.3,4,James Burrows,Alexa Junge,"October 13, 1994",456654,19.7,18.6
1,The One with the East German Laundry Detergent,tt0583599,5,1994-10-20,8.5,5,Pamela Fryman,Jeff Greenstein & Jeff Strauss,"October 20, 1994",456653,18.6,18.2
1,The One with the Butt,tt0583585,6,1994-10-27,8.3,6,Arlene Sanford,Adam Chase & Ira Ungerleider,"October 27, 1994",456655,18.2,23.5
1,The One with the Blackout,tt0583579,7,1994-11-03,8.9,7,James Burrows,Jeffrey Astrof & Mike Sikowitz,"November 3, 1994",456656,23.5,21.1
1,The One Where Nana Dies Twice,tt0583462,8,1994-11-10,8.2,8,James Burrows,Marta Kauffman & David Crane,"November 10, 1994",456657,21.1,23.1
1,The One Where Underdog Gets Away,tt0583492,9,1994-11-17,8.3,9,James Burrows,Jeff Greenstein & Jeff Strauss,"November 17, 1994",456659,23.1,19.9
1,The One with the Monkey,tt0583630,10,1994-12-15,8.1,10,Peter Bonerz,Adam Chase & Ira Ungerleider,"December 15, 1994",456661,19.9,26.6
1,The One with Mrs. Bing,tt0583534,11,1995-01-05,8.3,11,James Burrows,Alexa Junge,"January 5, 1995",456660,26.6,24
1,The One with the Dozen Lasagnas,tt0583598,12,1995-01-12,8.3,12,Paul Lazarus,Jeffrey Astrof & Mike Sikowitz & Adam Chase & Ira Ungerleider,"January 12, 1995",456658,24,25.8
1,The One with the Boobies,tt0583582,13,1995-01-19,8.7,13,Alan Myerson,Alexa Junge,"January 19, 1995",456664,25.8,23.8
1,The One with the Candy Hearts,tt0583587,14,1995-02-09,8.3,14,James Burrows,Bill Lawrence,"February 9, 1995",456667,23.8,24.8
1,The One with the Stoned Guy,tt0583649,15,1995-02-16,8.4,15,Alan Myerson,Jeff Greenstein & Jeff Strauss,"February 16, 1995",456663,24.8,26.1
1,The One with Two Parts: Part 1,tt0583568,16,1995-02-23,8.3,16,Michael Lembeck,Marta Kauffman & David Crane,"February 23, 1995",456665,26.1,26.1
1,The One with Two Parts: Part 2,tt0583569,17,1995-02-23,8.5,17,Michael Lembeck,Marta Kauffman & David Crane,"February 23, 1995",456665,26.1,30.4
1,The One with All the Poker,tt0583510,18,1995-03-02,8.9,18,James Burrows,Jeffrey Astrof & Mike Sikowitz,"March 2, 1995",456662,30.4,29.4
1,The One Where the Monkey Gets Away,tt0583493,19,1995-03-09,8.2,19,Peter Bonerz,Jeffrey Astrof & Mike Sikowitz,"March 9, 1995",456668,29.4,30
1,The One with the Evil Orthodontist,tt0583602,20,1995-04-06,8,20,Peter Bonerz,Doty Abrams,"April 6, 1995",456669,30,28.4
1,The One with the Fake Monica,tt0583603,21,1995-04-27,8,21,Gail Mancuso,Adam Chase & Ira Ungerleider,"April 27, 1995",456671,28.4,29.9
1,The One with the Ick Factor,tt0583616,22,1995-05-04,8.4,22,Robby Benson,Alexa Junge,"May 4, 1995",456670,29.9,28.7
1,The One with the Birth,tt0583577,23,1995-05-11,8.6,23,James Burrows,Story: David Crane & Marta Kauffman Teleplay: Jeff Greenstein & Jeff Strauss,"May 11, 1995",456672,28.7,31.3
1,The One Where Rachel Finds Out,tt0583469,24,1995-05-18,8.9,24,Kevin S. Bright,Chris Brown,"May 18, 1995",456673,31.3,32.1
2,The One with Ross's New Girlfriend,tt0583562,1,1995-09-21,8.5,25,Michael Lembeck,Jeffrey Astrof & Mike Sikowitz,"September 21, 1995",457301,32.1,29.8
2,The One with the Breast Milk,tt0583583,2,1995-09-28,8.3,26,Michael Lembeck,Adam Chase & Ira Ungerleider,"September 28, 1995",457302,29.8,30.2
2,The One Where Heckles Dies,tt0583453,3,1995-10-05,8.4,27,Kevin S. Bright,Michael Curtis & Gregory S. Malins,"October 5, 1995",457303,30.2,28.1
2,The One with Phoebe's Husband,tt0583539,4,1995-10-12,8,28,Gail Mancuso,Alexa Junge,"October 12, 1995",457305,28.1,28.3
2,The One with Five Steaks and an Eggplant,,5,1995-10-19,8.3,29,Ellen Gittelsohn,Chris Brown,"October 19, 1995",457304,28.3,30.2
2,The One with the Baby on the Bus,tt0583574,6,1995-11-02,8.6,30,Gail Mancuso,Betsy Borns,"November 2, 1995",457306,30.2,30.5
2,The One Where Ross Finds Out,tt0583481,7,1995-11-09,9,31,Peter Bonerz,Michael Borkow,"November 9, 1995",457307,30.5,32.9
2,The One with the List,tt0583625,8,1995-11-16,8.5,32,Mary Kay Place,David Crane & Marta Kauffman,"November 16, 1995",457308,32.9,27.8
2,The One with Phoebe's Dad,tt0583537,9,1995-12-14,8,33,Kevin S. Bright,Jeffrey Astrof & Mike Sikowitz,"December 14, 1995",457309,27.8,32.2
2,The One with Russ,tt0583567,10,1996-01-04,8.1,34,Thomas Schlamme,Ira Ungerleider,"January 4, 1996",457311,32.2,31.6
2,The One with the Lesbian Wedding,tt0583624,11,1996-01-18,8.1,35,Thomas Schlamme,Doty Abrams,"January 18, 1996",457312,31.6,52.9
2,The One After the Superbowl: Part 1,tt0583439,12,1996-01-28,8.7,36,Michael Lembeck,Part 1: Jeffrey Astrof & Mike Sikowitz Part 2: Michael Borkow,"January 28, 1996[b]",457313/457314,52.9,52.9
2,The One After the Superbowl: Part 2,tt0831047,13,1996-01-28,8.8,37,Michael Lembeck,Part 1: Jeffrey Astrof & Mike Sikowitz Part 2: Michael Borkow,"January 28, 1996[b]",457313/457314,52.9,33.6
2,The One with the Prom Video,tt0583635,14,1996-02-01,9.3,38,James Burrows,Alexa Junge,"February 1, 1996",457310,33.6,32.9
2,The One Where Ross and Rachel... You Know,tt0583488,15,1996-02-08,8.9,39,Michael Lembeck,Michael Curtis & Gregory S. Malins,"February 8, 1996",457315,32.9,31.1
2,The One Where Joey Moves Out,tt0583456,16,1996-02-15,8.6,40,Michael Lembeck,Betsy Borns,"February 15, 1996",457316,31.1,30.2
2,The One Where Eddie Moves In,tt0583448,17,1996-02-22,8.4,41,Michael Lembeck,Adam Chase,"February 22, 1996",457317,30.2,30.1
2,The One Where Dr. Ramoray Dies,tt0583447,18,1996-03-21,8.5,42,Michael Lembeck,Story: Alexa Junge Teleplay: Michael Borkow,"March 21, 1996",457318,30.1,31.2
2,The One Where Eddie Won't Go,tt0583449,19,1996-03-28,8.6,43,Michael Lembeck,Michael Curtis & Gregory S. Malins,"March 28, 1996",457319,31.2,27.4
2,The One Where Old Yeller Dies,tt0583465,20,1996-04-04,8.2,44,Michael Lembeck,Story: Michael Curtis & Gregory S. Malins Teleplay: Adam Chase,"April 4, 1996",457320,27.4,24.7
2,The One with the Bullies,tt0583584,21,1996-04-25,8.2,45,Michael Lembeck,Brian Buckner & Sebastian Jones,"April 25, 1996",457321,24.7,25.5
2,The One with the Two Parties,tt0583656,22,1996-05-02,8.9,46,Michael Lembeck,Alexa Junge,"May 2, 1996",457322,25.5,26.1
2,The One with the Chicken Pox,tt0583591,23,1996-05-09,8.2,47,Michael Lembeck,Brown Mandell,"May 9, 1996",457324,26.1,29
2,The One with Barry and Mindy's Wedding,tt0583514,24,1996-05-16,8.3,48,Michael Lembeck,Story: Ira Ungerleider Teleplay: Brown Mandell,"May 16, 1996",457323,29,26.8
3,The One with the Princess Leia Fantasy,tt0583634,1,1996-09-16,8.5,49,Gail Mancuso,Michael Curtis & Gregory S. Malins,"September 19, 1996",465251,26.8,26.7
3,The One Where No One's Ready,tt0583464,2,1996-09-26,9,50,Gail Mancuso,Ira Ungerleider,"September 26, 1996",465252,26.7,25.2
3,The One with the Jam,tt0583619,3,1996-10-03,8.2,51,Kevin S. Bright,Wil Calhoun,"October 3, 1996",465253,25.2,26.1
3,The One with the Metaphorical Tunnel,tt0583629,4,1996-10-10,8.2,52,Steve Zuckerman,Alexa Junge,"October 10, 1996",465254,26.1,23.3
3,The One with Frank Jr.,tt0583520,5,1996-10-17,8.2,53,Steve Zuckerman,Shana Goldberg-Meehan & Scott Silveri,"October 17, 1996",465255,23.3,23.3
3,The One with the Flashback,tt0583606,6,1996-10-31,9.1,54,Peter Bonerz,David Crane & Marta Kauffman,"October 31, 1996",465256,23.3,27.4
3,The One with the Race Car Bed,tt0583637,7,1996-11-07,8.3,55,Gail Mancuso,Seth Kurland,"November 7, 1996",465257,27.4,28.7
3,The One with the Giant Poking Device,tt0583609,8,1996-11-14,8.4,56,Gail Mancuso,Adam Chase,"November 14, 1996",465258,28.7,29.3
3,The One with the Football,tt0583607,9,1996-11-21,9.1,57,Kevin S. Bright,Ira Ungerleider,"November 21, 1996",465259,29.3,25.1
3,The One Where Rachel Quits,tt0583474,10,1996-12-12,8.2,58,Terry Hughes,Gregory S. Malins & Michael Curtis,"December 12, 1996",465260,25.1,29.8
3,The One Where Chandler Can't Remember Which Sister,tt0583443,11,1997-01-09,8.6,59,Terry Hughes,Alexa Junge,"January 9, 1997",465261,29.8,29.6
3,The One with All the Jealousy,tt0583506,12,1997-01-16,8.3,60,Robby Benson,Doty Abrams,"January 16, 1997",465262,29.6,28
3,The One Where Monica and Richard Are Just Friends,tt0583461,13,1997-01-30,8.3,61,Robby Benson,Michael Borkow,"January 30, 1997",465265,28,28.9
3,The One with Phoebe's Ex-Partner,tt0583538,14,1997-02-06,8,62,Robby Benson,Wil Calhoun,"February 6, 1997",465266,28.9,27.3
3,The One Where Ross and Rachel Take a Break,tt0583487,15,1997-02-13,8.6,63,James Burrows,Michael Borkow,"February 13, 1997",465263,27.3,28.3
3,The One the Morning After,tt0583501,16,1997-02-20,9,64,James Burrows,David Crane & Marta Kauffman,"February 20, 1997",465264,28.3,25.8
3,The One Without the Ski Trip,tt0583495,17,1997-03-06,8.3,65,Sam Simon,Shana Goldberg-Meehan & Scott Silveri,"March 6, 1997",465267,25.8,28.1
3,The One with the Hypnosis Tape,tt0583615,18,1997-03-13,8.5,66,Robby Benson,Seth Kurland,"March 13, 1997",465269,28.1,23.7
3,The One with the Tiny T-Shirt,tt0583654,19,1997-03-27,8.2,67,Terry Hughes,Adam Chase,"March 27, 1997",465268,23.7,24.4
3,The One with the Dollhouse,tt0583596,20,1997-04-10,8.2,68,Terry Hughes,Wil Calhoun,"April 10, 1997",465270,24.4,23.2
3,The One with the Chick and the Duck,tt0583590,21,1997-04-17,8.8,69,Michael Lembeck,Chris Brown,"April 17, 1997",465271,23.2,22.6
3,The One with the Screamer,tt0583643,22,1997-04-24,8.4,70,Peter Bonerz,Shana Goldberg-Meehan & Scott Silveri,"April 24, 1997",465272,22.6,24.2
3,The One with Ross's Thing,tt0583565,23,1997-05-01,8.2,71,Shelley Jensen,Ted Cohen & Andrew Reich,"May 1, 1997",465274,24.2,23.1
3,The One with the Ultimate Fighting Champion,tt0583657,24,1997-05-08,8.3,72,Robby Benson,Story: Pang-Ni Landrum & Mark Kunerth Teleplay: Shana Goldberg-Meehan & Scott Silveri,"May 8, 1997",465273,23.1,28.8
3,The One at the Beach,tt0583496,25,1997-05-15,8.9,73,Pamela Fryman,Story: Pang-Ni Landrum & Mark Kunerth Teleplay: Adam Chase,"May 15, 1997",465275,28.8,29.4
4,The One with the Jellyfish,tt0583620,1,1997-09-25,9.1,74,Shelley Jensen,Wil Calhoun,"September 25, 1997",466601,29.4,25.5
4,The One with the Cat,tt0583588,2,1997-10-02,8.2,75,Shelley Jensen,Jill Condon & Amy Toomin,"October 2, 1997",466602,25.5,24
4,The One with the 'Cuffs,tt0583571,3,1997-10-09,8.5,76,Peter Bonerz,Seth Kurland,"October 9, 1997",466603,24,24.3
4,The One with the Ballroom Dancing,tt0583576,4,1997-10-16,8.3,77,Gail Mancuso,Ted Cohen & Andrew Reich,"October 16, 1997",466604,24.3,24.4
4,The One with Joey's New Girlfriend,tt0583529,5,1997-10-30,8.4,78,Gail Mancuso,Gregory S. Malins & Michael Curtis,"October 30, 1997",466605,24.4,25.7
4,The One with the Dirty Girl,tt0583595,6,1997-11-06,8.6,79,Shelley Jensen,Shana Goldberg-Meehan & Scott Silveri,"November 6, 1997",466606,25.7,26.4
4,The One Where Chandler Crosses the Line,tt0583444,7,1997-11-13,8.7,80,Kevin S. Bright,Adam Chase,"November 13, 1997",466607,26.4,26.8
4,The One with Chandler in a Box,tt0583515,8,1997-11-20,9.1,81,Peter Bonerz,Michael Borkow,"November 20, 1997",466608,26.8,23.9
4,The One Where They're Going to Party!,tt0583490,9,1997-12-11,8,82,Peter Bonerz,Ted Cohen & Andrew Reich,"December 11, 1997",466609,23.9,23.2
4,The One with the Girl from Poughkeepsie,tt0583611,10,1997-12-18,8.1,83,Gary Halvorson,Scott Silveri,"December 18, 1997",466612,23.2,23.7
4,The One with Phoebe's Uterus,tt0583541,11,1998-01-08,8.5,84,David Steinberg,Seth Kurland,"January 8, 1998",466610,23.7,27.1
4,The One with the Embryos,tt0583600,12,1998-01-15,9.4,85,Kevin S. Bright,Jill Condon & Amy Toomin,"January 15, 1998",466611,27.1,25.3
4,The One with Rachel's Crush,tt0583547,13,1998-01-29,8.3,86,Dana DeVally Piazza,Shana Goldberg-Meehan,"January 29, 1998",466613,25.3,25.1
4,The One with Joey's Dirty Day,tt0583525,14,1998-02-05,8.4,87,Peter Bonerz,Wil Calhoun,"February 5, 1998",466614,25.1,24.4
4,The One with All the Rugby,tt0583512,15,1998-02-26,8.5,88,James Burrows,Story: Ted Cohen & Andrew Reich Teleplay: Wil Calhoun,"February 26, 1998",466617,24.4,23.1
4,The One with the Fake Party,tt0583604,16,1998-03-19,8.3,89,Michael Lembeck,Story: Alicia Sky Varinaitis Teleplay: Scott Silveri & Shana Goldberg-Meehan,"March 19, 1998",466615,23.1,23.2
4,The One with the Free Porn,tt0583608,17,1998-03-26,8.7,90,Michael Lembeck,Story: Mark Kunerth Teleplay: Richard Goodman,"March 26, 1998",466616,23.2,21.7
4,The One with Rachel's New Dress,tt0583552,18,1998-04-02,8.4,91,Gail Mancuso,Story: Andrew Reich & Ted Cohen Teleplay: Jill Condon & Amy Toomin,"April 2, 1998",466620,21.7,21.8
4,The One with All the Haste,tt0583505,19,1998-04-09,8.7,92,Kevin S. Bright,Scott Silveri & Wil Calhoun,"April 9, 1998",466618,21.8,21.9
4,The One with All the Wedding Dresses,tt0583513,20,1998-04-16,8.5,93,Gail Mancuso,Story: Adam Chase Teleplay: Gregory S. Malins & Michael Curtis,"April 16, 1998",466621,21.9,21.5
4,The One with the Invitation,tt0583618,21,1998-04-23,7.3,94,Peter Bonerz,Seth Kurland,"April 23, 1998",466619,21.5,23.2
4,The One with the Worst Best Man Ever,tt0583659,22,1998-04-30,8.6,95,Peter Bonerz,Story: Seth Kurland Teleplay: Gregory S. Malins & Michael Curtis,"April 30, 1998",466622,23.2,31.6
4,The One with Ross's Wedding: Part One,tt0583566,23,1998-05-07,8.9,96,Kevin S. Bright,Part 1: Michael Borkow Part 2: Teleplay: Shana Goldberg-Meehan & Scott Silveri Story: Jill Condon & Amy Toomin,"May 7, 1998[b]",466623/466624,31.6,31.6
4,The One with Ross's Wedding: Part Two,tt0831991,24,1998-05-07,9.2,97,Kevin S. Bright,Part 1: Michael Borkow Part 2: Teleplay: Shana Goldberg-Meehan & Scott Silveri Story: Jill Condon & Amy Toomin,"May 7, 1998[b]",466623/466624,31.6,31.1
5,The One After Ross Says Rachel,tt0583437,1,1998-09-24,8.9,98,Kevin S. Bright,Seth Kurland,"September 24, 1998",467651,31.1,25.4
5,The One with All the Kissing,tt0583507,2,1998-10-01,9,99,Gary Halvorson,Wil Calhoun,"October 1, 1998",467652,25.4,26.8
5,The One Hundredth,tt0583440,3,1998-10-08,8.8,100,Kevin S. Bright,David Crane & Marta Kauffman,"October 8, 1998",467653,26.8,24.1
5,The One Where Phoebe Hates PBS,tt0583467,4,1998-10-18,8.4,101,Shelley Jensen,Michael Curtis,"October 15, 1998",467654,24.1,25.9
5,The One with the Kips,tt0583622,5,1998-10-29,8.8,102,Dana DeValley Piazza,Scott Silveri,"October 29, 1998",467655,25.9,25
5,The One with the Yeti,tt0583660,6,1998-11-05,8.1,103,Gary Halvorson,Alexa Junge,"November 5, 1998",467656,25,24.4
5,The One Where Ross Moves In,tt0583486,7,1998-11-12,8.5,104,Gary Halvorson,Gigi McCreery & Perry Rein,"November 12, 1998",467657,24.4,23.9
5,The One with the Thanksgiving Flashbacks,tt0583652,8,1998-11-19,9.2,105,Kevin S. Bright,Gregory S. Malins,"November 19, 1998",467659,23.9,23
5,The One with Ross's Sandwich,tt0583563,9,1998-12-10,9.1,106,Gary Halvorson,Ted Cohen & Andrew Reich,"December 10, 1998",467658,23,23.7
5,The One with the Inappropriate Sister,tt0583617,10,1998-12-17,8.3,107,Dana DeValley Piazza,Shana Goldberg-Meehan,"December 17, 1998",467661,23.7,27
5,The One with All the Resolutions,tt0583511,11,1999-01-07,9.1,108,Joe Regalbuto,Story: Brian Boyle Teleplay: Suzie Villandry,"January 7, 1999",467660,27,24.8
5,The One with Chandler's Work Laugh,tt0583517,12,1999-01-21,8.4,109,Kevin S. Bright,Alicia Sky Varinaitis,"January 21, 1999",467663,24.8,24.9
5,The One with Joey's Bag,tt0583523,13,1999-02-04,8.2,110,Gail Mancuso,Story: Michael Curtis Teleplay: Seth Kurland,"February 4, 1999",467662,24.9,27.7
5,The One Where Everybody Finds Out,tt0583452,14,1999-02-11,9.7,111,Michael Lembeck,Alexa Junge,"February 11, 1999",467664,27.7,29.3
5,The One with the Girl Who Hits Joey,tt0583610,15,1999-02-18,8.6,112,Kevin S. Bright,Adam Chase,"February 18, 1999",467665,29.3,26
5,The One with the Cop,tt0583593,16,1999-02-25,8.5,113,Andrew Tsao,Story: Alicia Sky Varinaitis Teleplay: Gigi McCreery & Perry Rein,"February 25, 1999",467666,26,24.5
5,The One with Rachel's Inadvertent Kiss,tt0583551,17,1999-03-18,8.5,114,Shelley Jensen,Andrew Reich & Ted Cohen,"March 18, 1999",467667,24.5,21.9
5,The One Where Rachel Smokes,tt0583475,18,1999-04-08,8.1,115,Todd Holland,Michael Curtis,"April 8, 1999",467668,21.9,20.9
5,The One Where Ross Can't Flirt,tt0583479,19,1999-04-22,8.8,116,Gail Mancuso,Doty Abrams,"April 22, 1999",467669,20.9,19.6
5,The One with the Ride Along,tt0583639,20,1999-04-29,8.4,117,Gary Halvorson,Shana Goldberg-Meehan & Seth Kurland,"April 29, 1999",467670,19.6,20.9
5,The One with the Ball,tt0583575,21,1999-05-06,8.6,118,Gary Halvorson,Story: Scott Silveri Teleplay: Gregory S. Malins,"May 6, 1999",467671,20.9,21.3
5,The One with Joey's Big Break,tt0583524,22,1999-05-11,8.4,119,Gary Halvorson,Story: Shana Goldberg-Meehan Teleplay: Wil Calhoun,"May 13, 1999",467672,21.3,25.9
5,The One in Vegas: Part 1,tt0583500,23,1999-05-20,8.9,120,Kevin S. Bright,Part 1: Ted Cohen & Andrew Reich Part 2: Gregory S. Malins & Scott Silveri,"May 20, 1999[b]",467673/467674,25.9,25.9
5,The One in Vegas: Part 2,tt0831990,24,1999-05-20,9.1,121,Kevin S. Bright,Part 1: Ted Cohen & Andrew Reich Part 2: Gregory S. Malins & Scott Silveri,"May 20, 1999[b]",467673/467674,25.9,27.7
6,The One After Vegas,tt0583438,1,1999-09-23,8.8,122,Kevin S. Bright,Adam Chase,"September 23, 1999",225551,27.7,22.9
6,The One Where Ross Hugs Rachel,tt0583483,2,1999-09-30,8.3,123,Gail Mancuso,Shana Goldberg-Meehan,"September 30, 1999",225552,22.9,21.6
6,The One with Ross's Denial,tt0583560,3,1999-10-07,8.3,124,Gary Halvorson,Seth Kurland,"October 7, 1999",225553,21.6,21.1
6,The One Where Joey Loses His Insurance,tt0583455,4,1999-10-14,8.6,125,Gary Halvorson,Andrew Reich & Ted Cohen,"October 14, 1999",225554,21.1,22.4
6,The One with Joey's Porsche,tt0583530,5,1999-10-21,8.2,126,Gary Halvorson,Perry Rein & Gigi McCreery,"October 21, 1999",225555,22.4,23.6
6,The One on the Last Night,tt0756481,6,1999-11-04,8.5,127,David Schwimmer,Scott Silveri,"November 4, 1999",225556,23.6,22.7
6,The One Where Phoebe Runs,tt0583468,7,1999-11-04,8.4,128,Gary Halvorson,Sherry Bilsing-Graham & Ellen Plummer,"November 11, 1999",225557,22.7,22.1
6,The One with Ross' Teeth,tt0583559,8,1999-11-18,8.6,129,Gary Halvorson,Teleplay: Perry Rein & Gigi McCreery Story: Andrew Reich & Ted Cohen,"November 18, 1999",225558,22.1,19.2
6,The One Where Ross Got High,tt0583482,9,1999-11-25,9.2,130,Kevin S. Bright,Gregory S. Malins,"November 25, 1999",225559,19.2,22.4
6,The One with the Routine,tt0583641,10,1999-12-16,8.6,131,Kevin S. Bright,Brian Boyle,"December 16, 1999",225561,22.4,22.3
6,The One with the Apothecary Table,tt0583572,11,2000-01-06,8.2,132,Kevin S. Bright,Story: Zachary Rosenblatt Teleplay: Brian Boyle,"January 6, 2000",225560,22.3,22.3
6,The One with the Joke,tt0583621,12,2000-01-13,8.2,133,Gary Halvorson,Teleplay: Andrew Reich & Ted Cohen Story: Shana Goldberg-Meehan,"January 13, 2000",225562,22.3,24.1
6,The One with Rachel's Sister,tt0583555,13,2000-02-03,8.3,134,Gary Halvorson,Story: Seth Kurland Teleplay: Sherry Bilsing-Graham & Ellen Plummer,"February 3, 2000",225563,24.1,23.8
6,The One Where Chandler Can't Cry,tt0583502,14,2000-02-10,8.6,135,Kevin S. Bright,Andrew Reich & Ted Cohen,"February 10, 2000",225564,23.8,20.7
6,The One That Could Have Been: Part 1,tt0583441,15,2000-02-17,8.6,136,Michael Lembeck,Part 1: Gregory S. Malins & Adam Chase Part 2: David Crane & Marta Kauffman,"February 17, 2000[b]",225565/225566,20.7,20.7
6,The One That Could Have Been: Part 2,tt0583442,16,2000-02-17,8.6,137,Michael Lembeck,Part 1: Gregory S. Malins & Adam Chase Part 2: David Crane & Marta Kauffman,"February 17, 2000[b]",225565/225566,20.7,22.1
6,The One with Unagi,tt0583570,17,2000-02-24,9.1,138,Gary Halvorson,Story: Zachary Rosenblatt Teleplay: Adam Chase,"February 24, 2000",225568,22.1,20.5
6,The One Where Ross Dates a Student,tt0583480,18,2000-03-09,8.4,139,Gary Halvorson,Seth Kurland,"March 9, 2000",225567,20.5,21.5
6,The One with Joey's Fridge,tt0583526,19,2000-03-23,8.4,140,Ben Weiss,Story: Seth Kurland Teleplay: Gigi McCreery & Perry Rein,"March 23, 2000",225569,21.5,18.8
6,The One with Mac and C.H.E.E.S.E.,tt0756482,20,2000-04-13,7.6,141,Kevin S. Bright,Doty Abrams,"April 13, 2000",225575,18.8,20.6
6,The One Where Ross Meets Elizabeth's Dad,tt0583485,21,2000-04-27,8.7,142,Michael Lembeck,Story: David J. Lagana Teleplay: Scott Silveri,"April 27, 2000",225570,20.6,20
6,The One Where Paul's the Man,tt0583466,22,2000-05-04,9,143,Gary Halvorson,Story: Brian Caldirola Teleplay: Sherry Bilsing-Graham & Ellen Plummer,"May 4, 2000",225571,20,20.9
6,The One with the Ring,tt0583640,23,2000-05-11,8.6,144,Gary Halvorson,Ted Cohen & Andrew Reich,"May 11, 2000",225572,20.9,30.7
6,The One with the Proposal: Part 1,tt0583636,24,2000-05-18,8.7,145,Kevin S. Bright,Part 1: Shana Goldberg-Meehan & Scott Silveri Part 2: Andrew Reich & Ted Cohen,"May 18, 2000[b]",225573/225574,30.7,30.7
6,The One with the Proposal: Part 2,tt0954401,25,2000-05-18,9.2,146,Kevin S. Bright,Part 1: Shana Goldberg-Meehan & Scott Silveri Part 2: Andrew Reich & Ted Cohen,"May 18, 2000[b]",225573/225574,30.7,25.54
7,The One with Monica's Thunder,tt0756483,1,2000-10-12,8.4,147,Kevin S. Bright,Story: Wil Calhoun Teleplay: David Crane & Marta Kauffman,"October 12, 2000",226401,25.54,27.93
7,The One with Rachel's Book,tt0583546,2,2000-10-12,8.4,148,Michael Lembeck,Andrew Reich & Ted Cohen,"October 12, 2000",226402,27.93,22.7
7,The One with Phoebe's Cookies,tt0583536,3,2000-10-19,8.3,149,Gary Halvorson,Sherry Bilsing & Ellen Plummer,"October 19, 2000",226405,22.7,22.66
7,The One with Rachel's Assistant,tt0583544,4,2000-10-26,8.2,150,David Schwimmer,Brian Boyle,"October 26, 2000",226403,22.66,24.43
7,The One with the Engagement Picture,tt0583601,5,2000-11-02,8.2,151,Gary Halvorson,Story: Earl Davis Teleplay: Patty Lin,"November 2, 2000",226404,24.43,22.01
7,The One with the Nap Partners,tt0583632,6,2000-11-09,8.9,152,Gary Halvorson,Brian Buckner & Sebastian Jones,"November 9, 2000",226406,22.01,23.73
7,The One with Ross's Library Book,,7,2000-11-16,8.6,153,David Schwimmer,Scott Silveri,"November 16, 2000",226410,23.73,16.57
7,The One Where Chandler Doesn't Like Dogs,tt0583431,8,2000-11-23,8.3,154,Kevin S. Bright,Patty Lin,"November 23, 2000",226407,16.57,21.08
7,The One with All the Candy,tt0583503,9,2000-12-07,8.2,155,David Schwimmer,Will Calhoun,"December 7, 2000",226408,21.08,23.26
7,The One with the Holiday Armadillo,tt0583613,10,2000-12-14,8.5,156,Gary Halvorson,Gregory S. Malins,"December 14, 2000",226409,23.26,24.37
7,The One with All the Cheesecakes,tt0583504,11,2001-01-04,8.6,157,Gary Halvorson,Shana Goldberg-Meehan,"January 4, 2001",226412,24.37,22.86
7,The One Where They're Up All Night,tt0583491,12,2001-01-11,8.7,158,Kevin S. Bright,Zachary Rosenblatt,"January 11, 2001",226413,22.86,22.24
7,The One Where Rosita Dies,tt0583478,13,2001-02-01,8.5,159,Stephen Prime,Story: Ellen Plummer & Sherry Bilsing Teleplay: Brian Buckner & Sebastian Jones,"February 1, 2001",226415,22.24,22.4
7,The One Where They All Turn Thirty,tt0583489,14,2001-02-08,8.6,160,Ben Weiss,Story: Vanessa McCarthy Teleplay: Ellen Plummer & Sherry Bilsing,"February 8, 2001",226411,22.4,21.75
7,The One with Joey's New Brain,tt0583528,15,2001-02-15,8.5,161,Kevin S. Bright,Story: Sherry Bilsing & Ellen Plummer Teleplay: Andrew Reich & Ted Cohen,"February 15, 2001",226416,21.75,21.22
7,The One with the Truth About London,tt0583655,16,2001-02-22,8.6,162,David Schwimmer,Story: Brian Buckner & Sebastian Jones Teleplay: Zachary Rosenblatt,"February 22, 2001",226417,21.22,20.84
7,The One with the Cheap Wedding Dress,tt0583589,17,2001-03-15,8.4,163,Kevin S. Bright,Story: Brian Buckner & Sebastian Jones Teleplay: Andrew Reich & Ted Cohen,"March 15, 2001",226414,20.84,17.81
7,The One with Joey's Award,tt0583522,18,2001-03-29,8.5,164,Gary Halvorson,Story: Sherry Bilsing & Ellen Plummer Teleplay: Brian Boyle,"March 29, 2001",226418,17.81,16.55
7,The One with Ross and Monica's Cousin,tt0583556,19,2001-04-19,8.8,165,Gary Halvorson,Andrew Reich & Ted Cohen,"April 19, 2001",226421,16.55,16.3
7,The One with Rachel's Big Kiss,tt0583545,20,2001-04-26,8.5,166,Gary Halvorson,Scott Silveri & Shana Goldberg-Meehan,"April 26, 2001",226419,16.3,15.65
7,The One with the Vows,tt0756484,21,2001-05-03,7.6,167,Gary Halvorson,Doty Abrams,"May 3, 2001",226424,15.65,17.23
7,The One with Chandler's Dad,tt0583516,22,2001-05-10,8.5,168,Kevin S. Bright & Gary Halvorson,Story: Gregory S. Malins Teleplay: Brian Buckner & Sebastian Jones,"May 10, 2001",226420,17.23,30.05
7,The One with Monica and Chandler's Wedding: Part 1,tt0583531,23,2001-05-17,8.8,169,Kevin S. Bright,Part 1: Gregory S. Malins Part 2: Marta Kauffman & David Crane,"May 17, 2001[b]",226422/226423,30.05,30.05
7,The One with Monica and Chandler's Wedding: Part 2,tt0583532,24,2001-05-17,9.1,170,Kevin S. Bright,Part 1: Gregory S. Malins Part 2: Marta Kauffman & David Crane,"May 17, 2001[b]",226422/226423,30.05,31.7
8,The One After I Do,tt0583435,1,2001-09-27,8.6,171,Kevin S. Bright,David Crane & Marta Kauffman,"September 27, 2001",227401,31.7,30.04
8,The One with the Red Sweater,tt0583638,2,2001-10-04,9,172,David Schwimmer,Dana Klein Borkow,"October 4, 2001",227402,30.04,29.2
8,The One Where Rachel Tells...,tt0583476,3,2001-10-11,8.7,173,Sheldon Epps,Sherry Bilsing & Ellen Plummer,"October 11, 2001",227403,29.2,25.58
8,The One with the Videotape,tt0583658,4,2001-10-18,9.2,174,Kevin S. Bright,Scott Silveri,"October 18, 2001",227406,25.58,25.64
8,The One with Rachel's Date,tt0583548,5,2001-10-25,8.2,175,Gary Halvorson,Brian Buckner & Sebastian Jones,"October 25, 2001",227404,25.64,26.96
8,The One with the Halloween Party,tt0583612,6,2001-11-01,8.5,176,Gary Halvorson,Mark Kunerth,"November 1, 2001",227405,26.96,24.24
8,The One with the Stain,tt0583648,7,2001-11-08,8,177,Kevin S. Bright,R. Lee Fleming Jr.,"November 8, 2001",227407,24.24,26.54
8,The One with the Stripper,tt0583650,8,2001-11-15,8.8,178,David Schwimmer,Andrew Reich & Ted Cohen,"November 15, 2001",227408,26.54,24.24
8,The One with the Rumor,tt0583642,9,2001-11-22,9.4,179,Gary Halvorson,Shana Goldberg-Meehan,"November 22, 2001",227410,24.24,22.44
8,The One with Monica's Boots,tt0583533,10,2001-12-06,8.2,180,Kevin S. Bright,Story: Robert Carlock Teleplay: Brian Buckner & Sebastian Jones,"December 6, 2001",227409,22.44,23.85
8,The One with Ross's Step Forward,tt0583594,11,2001-12-13,8.1,181,Gary Halvorson,Robert Carlock,"December 13, 2001",227411,23.85,25.53
8,The One Where Joey Dates Rachel,tt0583454,12,2002-01-10,8.5,182,David Schwimmer,Sherry Bilsing-Graham & Ellen Plummer,"January 10, 2002",227412,25.53,29.24
8,The One Where Chandler Takes a Bath,tt0583446,13,2002-01-17,8.6,183,Ben Weiss,Vanessa McCarthy,"January 17, 2002",227413,29.24,28.64
8,The One with the Secret Closet,tt0583644,14,2002-01-31,8.3,184,Kevin S. Bright,Brian Buckner & Sebastian Jones,"January 31, 2002",227414,28.64,28.64
8,The One with the Birthing Video,tt0583578,15,2002-02-07,8.4,185,Kevin S. Bright,Dana Klein Borkow,"February 7, 2002",227415,28.64,27.52
8,The One Where Joey Tells Rachel,tt0583458,16,2002-02-28,8.3,186,Ben Weiss,Andrew Reich & Ted Cohen,"February 28, 2002",227416,27.52,26.3
8,The One with the Tea Leaves,tt0583651,17,2002-03-07,8.2,187,Gary Halvorson,Story: R. Lee Fleming Jr. Teleplay: Steven Rosenhaus,"March 7, 2002",227417,26.3,22.05
8,The One in Massapequa,tt0583499,18,2002-03-28,8.3,188,Gary Halvorson,Story: Peter Tibbals Teleplay: Mark Kunerth,"March 28, 2002",227418,22.05,22.59
8,The One with Joey's Interview,tt0583527,19,2002-04-04,7.7,189,Gary Halvorson,Doty Abrams,"April 4, 2002",227424,22.59,22.24
8,The One with the Baby Shower,tt0583573,20,2002-04-25,8.3,190,Kevin S. Bright,Sherry Bilsing-Graham & Ellen Plummer,"April 25, 2002",227421,22.24,23.97
8,The One with the Cooking Class,tt0583592,21,2002-05-02,8.3,191,Gary Halvorson,Story: Dana Klein Borkow Teleplay: Brian Buckner & Sebastian Jones,"May 2, 2002",227419,23.97,24.32
8,The One Where Rachel Is Late,tt0583473,22,2002-05-09,8.4,192,Gary Halvorson,Shana Goldberg-Meehan,"May 9, 2002",227420,24.32,34.91
8,The One Where Rachel Has a Baby: Part 1,tt0583471,23,2002-05-16,8.8,193,Kevin S. Bright,Part 1: Scott Silveri Part 2: Marta Kauffman & David Crane,"May 16, 2002[b]",227422/227423,34.91,34.91
8,The One Where Rachel Has a Baby: Part 2,tt0583472,24,2002-05-16,9,194,Kevin S. Bright,Part 1: Scott Silveri Part 2: Marta Kauffman & David Crane,"May 16, 2002[b]",227422/227423,34.91,34.01
9,The One Where No One Proposes,tt0583463,1,2002-09-26,8.6,195,Kevin S. Bright,Sherry Bilsing-Graham & Ellen Plummer,"September 26, 2002",175251,34.01,28.93
9,The One Where Emma Cries,tt0583450,2,2002-10-03,8.5,196,Sheldon Epps,Dana Klein Borkow,"October 3, 2002",175252,28.93,26.63
9,The One with the Pediatrician,tt0583633,3,2002-10-10,8.3,197,Roger Christiansen,Brian Buckner & Sebastian Jones,"October 10, 2002",175254,26.63,25.82
9,The One with the Sharks,tt0583645,4,2002-10-17,8.3,198,Ben Weiss,Andrew Reich & Ted Cohen,"October 17, 2002",175253,25.82,24.46
9,The One with Phoebe's Birthday Dinner,tt0583535,5,2002-10-31,8.5,199,David Schwimmer,Scott Silveri,"October 31, 2002",175255,24.46,27.51
9,The One with the Male Nanny,tt0583627,6,2002-11-07,8.4,200,Kevin S. Bright,David Crane & Marta Kauffman,"November 7, 2002",175256,27.51,25.35
9,The One with Ross's Inappropriate Song,tt0583561,7,2002-11-14,8.7,201,Gary Halvorson,Robert Carlock,"November 14, 2002",175257,25.35,26.76
9,The One with Rachel's Other Sister,tt0583553,8,2002-11-21,8.8,202,Kevin S. Bright,Shana Goldberg-Meehan,"November 21, 2002",175258,26.76,25.43
9,The One with Rachel's Phone Number,tt0583554,9,2002-12-05,8.2,203,Ben Weiss,Mark Kunerth,"December 5, 2002",175259,25.43,22.29
9,The One with Christmas in Tulsa,,10,2002-12-12,8.6,204,Kevin S. Bright,Doty Abrams,"December 12, 2002",175260,22.29,23.67
9,The One Where Rachel Goes Back to Work,tt0583470,11,2003-01-09,8.1,205,Gary Halvorson,Story: Judd Rubin Teleplay: Peter Tibbals,"January 9, 2003",175261,23.67,23.66
9,The One with Phoebe's Rats,tt0583540,12,2003-01-16,8.1,206,Ben Weiss,Story: Dana Klein Borkow Teleplay: Brian Buckner & Sebastian Jones,"January 16, 2003",175262,23.66,25.82
9,The One Where Monica Sings,tt0583460,13,2003-01-30,8.2,207,Gary Halvorson,Story: Sherry Bilsing-Graham & Ellen Plummer Teleplay: Steven Rosenhaus,"January 30, 2003",175263,25.82,23.37
9,The One with the Blind Dates,tt0583580,14,2003-02-06,8.3,208,Gary Halvorson,Sherry Bilsing-Graham & Ellen Plummer,"February 6, 2003",175265,23.37,20.85
9,The One with the Mugging,tt0583631,15,2003-02-13,8.4,209,Gary Halvorson,Peter Tibbals,"February 13, 2003",175264,20.85,19.52
9,The One with the Boob Job,tt0583581,16,2003-02-20,8.3,210,Gary Halvorson,Mark Kunerth,"February 20, 2003",175266,19.52,21
9,The One with the Memorial Service,tt0583628,17,2003-03-13,8.5,211,Gary Halvorson,Story: Robert Carlock Teleplay: Brian Buckner & Sebastian Jones,"March 13, 2003",175267,21,20.79
9,The One with the Lottery,tt0583626,18,2003-04-03,8.6,212,Gary Halvorson,Story: Brian Buckner & Sebastian Jones Teleplay: Sherry Bilsing-Graham & Ellen Plummer,"April 3, 2003",175268,20.79,18.25
9,The One with Rachel's Dream,tt0583549,19,2003-04-17,8.2,213,Terry Hughes,Story: Dana Klein Borkow Teleplay: Mark Kunerth,"April 17, 2003",175269,18.25,20.71
9,The One with the Soap Opera Party,tt0583646,20,2003-04-24,8.3,214,Sheldon Epps,Story: Shana Goldberg-Meehan Teleplay: Andrew Reich & Ted Cohen,"April 24, 2003",175270,20.71,19.03
9,The One with the Fertility Test,tt0583605,21,2003-05-01,8.2,215,Gary Halvorson,Story: Scott Silveri Teleplay: Robert Carlock,"May 1, 2003",175271,19.03,19.55
9,The One with the Donor,tt0583597,22,2003-05-08,7.9,216,Ben Weiss,Andrew Reich & Ted Cohen,"May 8, 2003",175272,19.55,25.46
9,The One in Barbados: Part 1,tt0583497,23,2003-05-15,8.5,217,Kevin S. Bright,Part 1: Shana Goldberg-Meehan & Scott Silveri Part 2: Marta Kauffman & David Crane,"May 15, 2003[b]",175273/175274,25.46,25.46
9,The One in Barbados: Part 2,tt0583498,24,2003-05-15,8.6,218,Kevin S. Bright,Part 1: Shana Goldberg-Meehan & Scott Silveri Part 2: Marta Kauffman & David Crane,"May 15, 2003[b]",175273/175274,25.46,24.54
10,The One After Joey and Rachel Kiss,tt0583436,1,2003-09-25,8.5,219,Kevin S. Bright,Andrew Reich & Ted Cohen,"September 25, 2003",176251,24.54,22.38
10,The One Where Ross Is Fine,tt0583484,2,2003-10-02,8.8,220,Ben Weiss,Sherry Bilsing-Graham & Ellen Plummer,"October 2, 2003",176252,22.38,21.87
10,The One with Ross's Tan,tt0583564,3,2003-10-09,8.8,221,Gary Halvorson,Brian Buckner,"October 9, 2003",176253,21.87,18.77
10,The One with the Cake,tt0583586,4,2003-10-23,8.3,222,Gary Halvorson,Robert Carlock,"October 23, 2003",176254,18.77,19.37
10,The One Where Rachel's Sister Babysits,tt0583477,5,2003-10-30,8.3,223,Roger Christiansen,Dana Klein Borkow,"October 30, 2003",176255,19.37,20.38
10,The One with Ross' Grant,tt0583557,6,2003-11-06,8.3,224,Ben Weiss,Sebastian Jones,"November 6, 2003",176256,20.38,20.21
10,The One with the Home Study,tt0583614,7,2003-11-13,8.4,225,Kevin S. Bright,Mark Kunerth,"November 13, 2003",176257,20.21,20.66
10,The One with the Late Thanksgiving,tt0583623,8,2003-11-20,8.9,226,Gary Halvorson,Shana Goldberg-Meehan,"November 20, 2003",176259,20.66,25.49
10,The One with the Birth Mother,tt0583432,9,2004-01-08,8.5,227,David Schwimmer,Scott Silveri,"January 8, 2004",176258,25.49,26.68
10,The One Where Chandler Gets Caught,tt0583445,10,2004-01-15,8.1,228,Gary Halvorson,Doty Abrams,"January 15, 2004",176268,26.68,24.91
10,The One Where the Stripper Cries,tt0583494,11,2004-02-05,8.9,229,Kevin S. Bright,David Crane & Marta Kauffman,"February 5, 2004",176260,24.91,25.9
10,The One with Phoebe's Wedding,tt0583542,12,2004-02-12,8.8,230,Kevin S. Bright,Robert Carlock & Dana Klein Borkow,"February 12, 2004",176262,25.9,24.27
10,The One Where Joey Speaks French,tt0583457,13,2004-02-19,8.5,231,Gary Halvorson,Sherry Bilsing-Graham & Ellen Plummer,"February 19, 2004",176261,24.27,22.83
10,The One with Princess Consuela,tt0583543,14,2004-02-26,8.7,232,Gary Halvorson,Story: Robert Carlock Teleplay: Tracy Reilly,"February 26, 2004",176263,22.83,22.64
10,The One Where Estelle Dies,tt0583451,15,2004-04-22,8.5,233,Gary Halvorson,Story: Mark Kunerth Teleplay: David Crane & Marta Kauffman,"April 22, 2004",176264,22.64,24.51
10,The One with Rachel's Going Away Party,tt0583550,16,2004-04-29,8.8,234,Gary Halvorson,Andrew Reich & Ted Cohen,"April 29, 2004",176265,24.51,52.46
10,The Last One: Part 1,tt0583433,17,2004-05-06,9.5,235,Kevin S. Bright,Marta Kauffman & David Crane,"May 6, 2004[b]",176266/176267,52.46,52.46
10,The Last One: Part 2,tt0583434,18,2004-05-06,9.7,236,Kevin S. Bright,Marta Kauffman & David Crane,"May 6, 2004[b]",176266/176267,52.46,
